<?xml version='1.0' encoding='UTF-8'?><xml><records><record><ref-type name="Dataset">59</ref-type><contributors><authors><author>Epstein, Robert</author><author>Robertson, Ronald E.</author><author>Lazer, David</author><author>Wilson, Christo</author></authors></contributors><titles><title>Replication Code and Data for: Suppressing the Search Engine Manipulation Effect (SEME)</title></titles><section>2021-03-29</section><dates><year>2021</year></dates><edition>V1</edition><keywords><keyword>search engine manipulation effect (SEME); search engine bias; voter manipulation; persuasive technology; algorithmic influence; behavior design</keyword></keywords><publisher>Harvard Dataverse</publisher><urls><related-urls><url>https://doi.org/10.7910/DVN/DZYKFO</url></related-urls></urls><electronic-resource-num>doi/10.7910/DVN/DZYKFO</electronic-resource-num></record></records></xml>